Algorithm, Parallel, Delta, Graph Size, Density, Threads, Time
DeltaStepping,0,1,500,0.3,1,3.979
DeltaStepping,0,2,500,0.3,1,3.275
DeltaStepping,0,3,500,0.3,1,4.647
DeltaStepping,0,4,500,0.3,1,5.765
DeltaStepping,0,5,500,0.3,1,6.597
DeltaStepping,0,6,500,0.3,1,7.47
DeltaStepping,0,7,500,0.3,1,7.994
DeltaStepping,0,8,500,0.3,1,8.178
DijkstraSequential,0,-1,500,0.3,1,0.817
CustomParallelDeltaStepping,1,1,500,0.3,2,1.98
CustomParallelDeltaStepping,1,2,500,0.3,2,1.785
CustomParallelDeltaStepping,1,3,500,0.3,2,1.6
CustomParallelDeltaStepping,1,4,500,0.3,2,1.842
CustomParallelDeltaStepping,1,5,500,0.3,2,2.305
CustomParallelDeltaStepping,1,6,500,0.3,2,1.828
CustomParallelDeltaStepping,1,7,500,0.3,2,1.803
CustomParallelDeltaStepping,1,8,500,0.3,2,1.747
CustomParallelDeltaStepping,1,1,500,0.3,4,1.95
CustomParallelDeltaStepping,1,2,500,0.3,4,1.827
CustomParallelDeltaStepping,1,3,500,0.3,4,2.211
CustomParallelDeltaStepping,1,4,500,0.3,4,1.567
CustomParallelDeltaStepping,1,5,500,0.3,4,2.082
CustomParallelDeltaStepping,1,6,500,0.3,4,1.662
CustomParallelDeltaStepping,1,7,500,0.3,4,1.717
CustomParallelDeltaStepping,1,8,500,0.3,4,1.936
CustomParallelDeltaStepping,1,1,500,0.3,8,2.004
CustomParallelDeltaStepping,1,2,500,0.3,8,1.837
CustomParallelDeltaStepping,1,3,500,0.3,8,1.576
CustomParallelDeltaStepping,1,4,500,0.3,8,2.543
CustomParallelDeltaStepping,1,5,500,0.3,8,2.019
CustomParallelDeltaStepping,1,6,500,0.3,8,1.786
CustomParallelDeltaStepping,1,7,500,0.3,8,2.062
CustomParallelDeltaStepping,1,8,500,0.3,8,1.851
CustomParallelDeltaStepping,1,1,500,0.3,12,2.032
CustomParallelDeltaStepping,1,2,500,0.3,12,1.867
CustomParallelDeltaStepping,1,3,500,0.3,12,1.594
CustomParallelDeltaStepping,1,4,500,0.3,12,1.833
CustomParallelDeltaStepping,1,5,500,0.3,12,1.836
CustomParallelDeltaStepping,1,6,500,0.3,12,2.043
CustomParallelDeltaStepping,1,7,500,0.3,12,1.753
CustomParallelDeltaStepping,1,8,500,0.3,12,1.792
CustomParallelDeltaStepping,1,1,500,0.3,16,2.041
CustomParallelDeltaStepping,1,2,500,0.3,16,1.884
CustomParallelDeltaStepping,1,3,500,0.3,16,1.654
CustomParallelDeltaStepping,1,4,500,0.3,16,1.723
CustomParallelDeltaStepping,1,5,500,0.3,16,2.22
CustomParallelDeltaStepping,1,6,500,0.3,16,1.801
CustomParallelDeltaStepping,1,7,500,0.3,16,1.656
CustomParallelDeltaStepping,1,8,500,0.3,16,2.116
CustomParallelDeltaStepping,1,1,500,0.3,20,2.066
CustomParallelDeltaStepping,1,2,500,0.3,20,1.892
CustomParallelDeltaStepping,1,3,500,0.3,20,2.349
CustomParallelDeltaStepping,1,4,500,0.3,20,1.613
CustomParallelDeltaStepping,1,5,500,0.3,20,2.121
CustomParallelDeltaStepping,1,6,500,0.3,20,1.739
CustomParallelDeltaStepping,1,7,500,0.3,20,2.017
CustomParallelDeltaStepping,1,8,500,0.3,20,1.977
CustomParallelDeltaStepping,1,1,500,0.3,24,2.1
CustomParallelDeltaStepping,1,2,500,0.3,24,1.928
CustomParallelDeltaStepping,1,3,500,0.3,24,2.644
CustomParallelDeltaStepping,1,4,500,0.3,24,1.647
CustomParallelDeltaStepping,1,5,500,0.3,24,1.858
CustomParallelDeltaStepping,1,6,500,0.3,24,1.774
CustomParallelDeltaStepping,1,7,500,0.3,24,2.067
CustomParallelDeltaStepping,1,8,500,0.3,24,2.022
CustomParallelDeltaStepping,1,1,500,0.3,25,2.084
CustomParallelDeltaStepping,1,2,500,0.3,25,1.935
CustomParallelDeltaStepping,1,3,500,0.3,25,1.786
CustomParallelDeltaStepping,1,4,500,0.3,25,1.599
CustomParallelDeltaStepping,1,5,500,0.3,25,1.67
CustomParallelDeltaStepping,1,6,500,0.3,25,1.891
CustomParallelDeltaStepping,1,7,500,0.3,25,1.841
CustomParallelDeltaStepping,1,8,500,0.3,25,1.965
DeltaStepping,0,1,500,0.5,1,4.666
DeltaStepping,0,2,500,0.5,1,7.437
DeltaStepping,0,3,500,0.5,1,9.462
DeltaStepping,0,4,500,0.5,1,10.935
DeltaStepping,0,5,500,0.5,1,12.279
DeltaStepping,0,6,500,0.5,1,13.493
DeltaStepping,0,7,500,0.5,1,14.901
DeltaStepping,0,8,500,0.5,1,16.044
DijkstraSequential,0,-1,500,0.5,1,1.565
CustomParallelDeltaStepping,1,1,500,0.5,2,2.748
CustomParallelDeltaStepping,1,2,500,0.5,2,2.828
CustomParallelDeltaStepping,1,3,500,0.5,2,3.27
CustomParallelDeltaStepping,1,4,500,0.5,2,3.078
CustomParallelDeltaStepping,1,5,500,0.5,2,3.473
CustomParallelDeltaStepping,1,6,500,0.5,2,2.869
CustomParallelDeltaStepping,1,7,500,0.5,2,3.801
CustomParallelDeltaStepping,1,8,500,0.5,2,3.651
CustomParallelDeltaStepping,1,1,500,0.5,4,2.52
CustomParallelDeltaStepping,1,2,500,0.5,4,2.797
CustomParallelDeltaStepping,1,3,500,0.5,4,2.868
CustomParallelDeltaStepping,1,4,500,0.5,4,3.245
CustomParallelDeltaStepping,1,5,500,0.5,4,3.068
CustomParallelDeltaStepping,1,6,500,0.5,4,3.883
CustomParallelDeltaStepping,1,7,500,0.5,4,3.735
CustomParallelDeltaStepping,1,8,500,0.5,4,4.349
CustomParallelDeltaStepping,1,1,500,0.5,8,2.495
CustomParallelDeltaStepping,1,2,500,0.5,8,2.607
CustomParallelDeltaStepping,1,3,500,0.5,8,2.967
CustomParallelDeltaStepping,1,4,500,0.5,8,3.115
CustomParallelDeltaStepping,1,5,500,0.5,8,3.316
CustomParallelDeltaStepping,1,6,500,0.5,8,3.001
CustomParallelDeltaStepping,1,7,500,0.5,8,3.71
CustomParallelDeltaStepping,1,8,500,0.5,8,3.396
CustomParallelDeltaStepping,1,1,500,0.5,12,2.94
CustomParallelDeltaStepping,1,2,500,0.5,12,2.806
CustomParallelDeltaStepping,1,3,500,0.5,12,2.948
CustomParallelDeltaStepping,1,4,500,0.5,12,3.237
CustomParallelDeltaStepping,1,5,500,0.5,12,3.489
CustomParallelDeltaStepping,1,6,500,0.5,12,4.105
CustomParallelDeltaStepping,1,7,500,0.5,12,2.836
CustomParallelDeltaStepping,1,8,500,0.5,12,4.371
CustomParallelDeltaStepping,1,1,500,0.5,16,2.672
CustomParallelDeltaStepping,1,2,500,0.5,16,2.884
CustomParallelDeltaStepping,1,3,500,0.5,16,3.088
CustomParallelDeltaStepping,1,4,500,0.5,16,3.194
CustomParallelDeltaStepping,1,5,500,0.5,16,3.205
CustomParallelDeltaStepping,1,6,500,0.5,16,3.11
CustomParallelDeltaStepping,1,7,500,0.5,16,3.075
CustomParallelDeltaStepping,1,8,500,0.5,16,4.139
CustomParallelDeltaStepping,1,1,500,0.5,20,2.559
CustomParallelDeltaStepping,1,2,500,0.5,20,2.763
CustomParallelDeltaStepping,1,3,500,0.5,20,3.278
CustomParallelDeltaStepping,1,4,500,0.5,20,3.623
CustomParallelDeltaStepping,1,5,500,0.5,20,3.137
CustomParallelDeltaStepping,1,6,500,0.5,20,3.824
CustomParallelDeltaStepping,1,7,500,0.5,20,3.014
CustomParallelDeltaStepping,1,8,500,0.5,20,4.137
CustomParallelDeltaStepping,1,1,500,0.5,24,2.6
CustomParallelDeltaStepping,1,2,500,0.5,24,2.826
CustomParallelDeltaStepping,1,3,500,0.5,24,3.018
CustomParallelDeltaStepping,1,4,500,0.5,24,3.488
CustomParallelDeltaStepping,1,5,500,0.5,24,3.474
CustomParallelDeltaStepping,1,6,500,0.5,24,3.347
CustomParallelDeltaStepping,1,7,500,0.5,24,4.12
CustomParallelDeltaStepping,1,8,500,0.5,24,3.644
CustomParallelDeltaStepping,1,1,500,0.5,25,2.588
CustomParallelDeltaStepping,1,2,500,0.5,25,2.783
CustomParallelDeltaStepping,1,3,500,0.5,25,2.994
CustomParallelDeltaStepping,1,4,500,0.5,25,3.409
CustomParallelDeltaStepping,1,5,500,0.5,25,3.298
CustomParallelDeltaStepping,1,6,500,0.5,25,3.778
CustomParallelDeltaStepping,1,7,500,0.5,25,3.567
CustomParallelDeltaStepping,1,8,500,0.5,25,3.02
DeltaStepping,0,1,500,0.7,1,9.988
DeltaStepping,0,2,500,0.7,1,13.611
DeltaStepping,0,3,500,0.7,1,15.567
DeltaStepping,0,4,500,0.7,1,17.985
DeltaStepping,0,5,500,0.7,1,22.233
DeltaStepping,0,6,500,0.7,1,22.502
DeltaStepping,0,7,500,0.7,1,22.614
DeltaStepping,0,8,500,0.7,1,23.43
DijkstraSequential,0,-1,500,0.7,1,2.206
CustomParallelDeltaStepping,1,1,500,0.7,2,3.413
CustomParallelDeltaStepping,1,2,500,0.7,2,3.223
CustomParallelDeltaStepping,1,3,500,0.7,2,3.314
CustomParallelDeltaStepping,1,4,500,0.7,2,3.508
CustomParallelDeltaStepping,1,5,500,0.7,2,4.779
CustomParallelDeltaStepping,1,6,500,0.7,2,4.324
CustomParallelDeltaStepping,1,7,500,0.7,2,4.871
CustomParallelDeltaStepping,1,8,500,0.7,2,3.346
CustomParallelDeltaStepping,1,1,500,0.7,4,3.063
CustomParallelDeltaStepping,1,2,500,0.7,4,3.247
CustomParallelDeltaStepping,1,3,500,0.7,4,3.545
CustomParallelDeltaStepping,1,4,500,0.7,4,3.498
CustomParallelDeltaStepping,1,5,500,0.7,4,4.175
CustomParallelDeltaStepping,1,6,500,0.7,4,4.318
CustomParallelDeltaStepping,1,7,500,0.7,4,4.879
CustomParallelDeltaStepping,1,8,500,0.7,4,4.306
CustomParallelDeltaStepping,1,1,500,0.7,8,3.223
CustomParallelDeltaStepping,1,2,500,0.7,8,3.236
CustomParallelDeltaStepping,1,3,500,0.7,8,3.652
CustomParallelDeltaStepping,1,4,500,0.7,8,3.952
CustomParallelDeltaStepping,1,5,500,0.7,8,4.24
CustomParallelDeltaStepping,1,6,500,0.7,8,4.016
CustomParallelDeltaStepping,1,7,500,0.7,8,4.95
CustomParallelDeltaStepping,1,8,500,0.7,8,4.252
CustomParallelDeltaStepping,1,1,500,0.7,12,3.216
CustomParallelDeltaStepping,1,2,500,0.7,12,3.418
CustomParallelDeltaStepping,1,3,500,0.7,12,3.635
CustomParallelDeltaStepping,1,4,500,0.7,12,3.871
CustomParallelDeltaStepping,1,5,500,0.7,12,4.266
CustomParallelDeltaStepping,1,6,500,0.7,12,4.804
CustomParallelDeltaStepping,1,7,500,0.7,12,3.718
CustomParallelDeltaStepping,1,8,500,0.7,12,4.244
CustomParallelDeltaStepping,1,1,500,0.7,16,3.227
CustomParallelDeltaStepping,1,2,500,0.7,16,3.199
CustomParallelDeltaStepping,1,3,500,0.7,16,3.583
CustomParallelDeltaStepping,1,4,500,0.7,16,3.662
CustomParallelDeltaStepping,1,5,500,0.7,16,4.17
CustomParallelDeltaStepping,1,6,500,0.7,16,3.809
CustomParallelDeltaStepping,1,7,500,0.7,16,4.165
CustomParallelDeltaStepping,1,8,500,0.7,16,4.003
CustomParallelDeltaStepping,1,1,500,0.7,20,3.219
CustomParallelDeltaStepping,1,2,500,0.7,20,3.276
CustomParallelDeltaStepping,1,3,500,0.7,20,3.587
CustomParallelDeltaStepping,1,4,500,0.7,20,3.838
CustomParallelDeltaStepping,1,5,500,0.7,20,4.288
CustomParallelDeltaStepping,1,6,500,0.7,20,4.917
CustomParallelDeltaStepping,1,7,500,0.7,20,4.773
CustomParallelDeltaStepping,1,8,500,0.7,20,4.762
CustomParallelDeltaStepping,1,1,500,0.7,24,3.239
CustomParallelDeltaStepping,1,2,500,0.7,24,3.258
CustomParallelDeltaStepping,1,3,500,0.7,24,3.712
CustomParallelDeltaStepping,1,4,500,0.7,24,3.675
CustomParallelDeltaStepping,1,5,500,0.7,24,4.663
CustomParallelDeltaStepping,1,6,500,0.7,24,9.505
CustomParallelDeltaStepping,1,7,500,0.7,24,4.769
CustomParallelDeltaStepping,1,8,500,0.7,24,5.122
CustomParallelDeltaStepping,1,1,500,0.7,25,3.411
CustomParallelDeltaStepping,1,2,500,0.7,25,3.596
CustomParallelDeltaStepping,1,3,500,0.7,25,3.874
CustomParallelDeltaStepping,1,4,500,0.7,25,4.099
CustomParallelDeltaStepping,1,5,500,0.7,25,3.89
CustomParallelDeltaStepping,1,6,500,0.7,25,4.313
CustomParallelDeltaStepping,1,7,500,0.7,25,5.245
CustomParallelDeltaStepping,1,8,500,0.7,25,4.019
DeltaStepping,0,1,1000,0.3,1,15.793
DeltaStepping,0,2,1000,0.3,1,23.47
DeltaStepping,0,3,1000,0.3,1,28.991
DeltaStepping,0,4,1000,0.3,1,35.938
DeltaStepping,0,5,1000,0.3,1,38.239
DeltaStepping,0,6,1000,0.3,1,41.399
DeltaStepping,0,7,1000,0.3,1,44.114
DeltaStepping,0,8,1000,0.3,1,45.144
DijkstraSequential,0,-1,1000,0.3,1,6.211
CustomParallelDeltaStepping,1,1,1000,0.3,2,8.535
CustomParallelDeltaStepping,1,2,1000,0.3,2,7.576
CustomParallelDeltaStepping,1,3,1000,0.3,2,7.849
CustomParallelDeltaStepping,1,4,1000,0.3,2,8.104
CustomParallelDeltaStepping,1,5,1000,0.3,2,8.771
CustomParallelDeltaStepping,1,6,1000,0.3,2,8.714
CustomParallelDeltaStepping,1,7,1000,0.3,2,9.621
CustomParallelDeltaStepping,1,8,1000,0.3,2,9.569
CustomParallelDeltaStepping,1,1,1000,0.3,4,5.801
CustomParallelDeltaStepping,1,2,1000,0.3,4,6.175
CustomParallelDeltaStepping,1,3,1000,0.3,4,6.782
CustomParallelDeltaStepping,1,4,1000,0.3,4,7.28
CustomParallelDeltaStepping,1,5,1000,0.3,4,8.005
CustomParallelDeltaStepping,1,6,1000,0.3,4,8.847
CustomParallelDeltaStepping,1,7,1000,0.3,4,9.434
CustomParallelDeltaStepping,1,8,1000,0.3,4,10.475
CustomParallelDeltaStepping,1,1,1000,0.3,8,7.224
CustomParallelDeltaStepping,1,2,1000,0.3,8,7.003
CustomParallelDeltaStepping,1,3,1000,0.3,8,7.003
CustomParallelDeltaStepping,1,4,1000,0.3,8,7.641
CustomParallelDeltaStepping,1,5,1000,0.3,8,8.608
CustomParallelDeltaStepping,1,6,1000,0.3,8,8.753
CustomParallelDeltaStepping,1,7,1000,0.3,8,10.42
CustomParallelDeltaStepping,1,8,1000,0.3,8,9.899
CustomParallelDeltaStepping,1,1,1000,0.3,12,6.309
CustomParallelDeltaStepping,1,2,1000,0.3,12,6.677
CustomParallelDeltaStepping,1,3,1000,0.3,12,7.284
CustomParallelDeltaStepping,1,4,1000,0.3,12,7.903
CustomParallelDeltaStepping,1,5,1000,0.3,12,8.664
CustomParallelDeltaStepping,1,6,1000,0.3,12,8.88
CustomParallelDeltaStepping,1,7,1000,0.3,12,9.624
CustomParallelDeltaStepping,1,8,1000,0.3,12,9.971
CustomParallelDeltaStepping,1,1,1000,0.3,16,6.437
CustomParallelDeltaStepping,1,2,1000,0.3,16,6.577
CustomParallelDeltaStepping,1,3,1000,0.3,16,7.279
CustomParallelDeltaStepping,1,4,1000,0.3,16,8.149
CustomParallelDeltaStepping,1,5,1000,0.3,16,8.451
CustomParallelDeltaStepping,1,6,1000,0.3,16,9.128
CustomParallelDeltaStepping,1,7,1000,0.3,16,10.149
CustomParallelDeltaStepping,1,8,1000,0.3,16,9.793
CustomParallelDeltaStepping,1,1,1000,0.3,20,6.474
CustomParallelDeltaStepping,1,2,1000,0.3,20,6.674
CustomParallelDeltaStepping,1,3,1000,0.3,20,7.792
CustomParallelDeltaStepping,1,4,1000,0.3,20,8.098
CustomParallelDeltaStepping,1,5,1000,0.3,20,8.617
CustomParallelDeltaStepping,1,6,1000,0.3,20,8.746
CustomParallelDeltaStepping,1,7,1000,0.3,20,10.531
CustomParallelDeltaStepping,1,8,1000,0.3,20,7.873
CustomParallelDeltaStepping,1,1,1000,0.3,24,6.38
CustomParallelDeltaStepping,1,2,1000,0.3,24,6.997
CustomParallelDeltaStepping,1,3,1000,0.3,24,7.708
CustomParallelDeltaStepping,1,4,1000,0.3,24,7.954
CustomParallelDeltaStepping,1,5,1000,0.3,24,8.419
CustomParallelDeltaStepping,1,6,1000,0.3,24,9.094
CustomParallelDeltaStepping,1,7,1000,0.3,24,9.58
CustomParallelDeltaStepping,1,8,1000,0.3,24,11.142
CustomParallelDeltaStepping,1,1,1000,0.3,25,6.369
CustomParallelDeltaStepping,1,2,1000,0.3,25,6.748
CustomParallelDeltaStepping,1,3,1000,0.3,25,7.837
CustomParallelDeltaStepping,1,4,1000,0.3,25,7.76
CustomParallelDeltaStepping,1,5,1000,0.3,25,8.201
CustomParallelDeltaStepping,1,6,1000,0.3,25,10.096
CustomParallelDeltaStepping,1,7,1000,0.3,25,9.908
CustomParallelDeltaStepping,1,8,1000,0.3,25,11.268
DeltaStepping,0,1,1000,0.5,1,29.118
DeltaStepping,0,2,1000,0.5,1,41.822
DeltaStepping,0,3,1000,0.5,1,50.518
DeltaStepping,0,4,1000,0.5,1,57.167
DeltaStepping,0,5,1000,0.5,1,64.746
DeltaStepping,0,6,1000,0.5,1,65.273
DeltaStepping,0,7,1000,0.5,1,68.212
DeltaStepping,0,8,1000,0.5,1,73.183
DijkstraSequential,0,-1,1000,0.5,1,8.588
CustomParallelDeltaStepping,1,1,1000,0.5,2,11.44
CustomParallelDeltaStepping,1,2,1000,0.5,2,11.653
CustomParallelDeltaStepping,1,3,1000,0.5,2,12.58
CustomParallelDeltaStepping,1,4,1000,0.5,2,15.597
CustomParallelDeltaStepping,1,5,1000,0.5,2,15.133
CustomParallelDeltaStepping,1,6,1000,0.5,2,15.139
CustomParallelDeltaStepping,1,7,1000,0.5,2,16.907
CustomParallelDeltaStepping,1,8,1000,0.5,2,13.746
CustomParallelDeltaStepping,1,1,1000,0.5,4,9.927
CustomParallelDeltaStepping,1,2,1000,0.5,4,11.283
CustomParallelDeltaStepping,1,3,1000,0.5,4,11.92
CustomParallelDeltaStepping,1,4,1000,0.5,4,11.616
CustomParallelDeltaStepping,1,5,1000,0.5,4,13.278
CustomParallelDeltaStepping,1,6,1000,0.5,4,14.978
CustomParallelDeltaStepping,1,7,1000,0.5,4,13.526
CustomParallelDeltaStepping,1,8,1000,0.5,4,10.46
CustomParallelDeltaStepping,1,1,1000,0.5,8,9.061
CustomParallelDeltaStepping,1,2,1000,0.5,8,9.648
CustomParallelDeltaStepping,1,3,1000,0.5,8,10.222
CustomParallelDeltaStepping,1,4,1000,0.5,8,12.506
CustomParallelDeltaStepping,1,5,1000,0.5,8,14.528
CustomParallelDeltaStepping,1,6,1000,0.5,8,14.193
CustomParallelDeltaStepping,1,7,1000,0.5,8,15.661
CustomParallelDeltaStepping,1,8,1000,0.5,8,13.863
CustomParallelDeltaStepping,1,1,1000,0.5,12,9.089
CustomParallelDeltaStepping,1,2,1000,0.5,12,9.936
CustomParallelDeltaStepping,1,3,1000,0.5,12,10.473
CustomParallelDeltaStepping,1,4,1000,0.5,12,12.452
CustomParallelDeltaStepping,1,5,1000,0.5,12,13.546
CustomParallelDeltaStepping,1,6,1000,0.5,12,14.711
CustomParallelDeltaStepping,1,7,1000,0.5,12,16.096
CustomParallelDeltaStepping,1,8,1000,0.5,12,16.012
CustomParallelDeltaStepping,1,1,1000,0.5,16,9.28
CustomParallelDeltaStepping,1,2,1000,0.5,16,10.024
CustomParallelDeltaStepping,1,3,1000,0.5,16,10.578
CustomParallelDeltaStepping,1,4,1000,0.5,16,12.447
CustomParallelDeltaStepping,1,5,1000,0.5,16,14.059
CustomParallelDeltaStepping,1,6,1000,0.5,16,14.699
CustomParallelDeltaStepping,1,7,1000,0.5,16,15.402
CustomParallelDeltaStepping,1,8,1000,0.5,16,15.722
CustomParallelDeltaStepping,1,1,1000,0.5,20,9.223
CustomParallelDeltaStepping,1,2,1000,0.5,20,10.009
CustomParallelDeltaStepping,1,3,1000,0.5,20,10.961
CustomParallelDeltaStepping,1,4,1000,0.5,20,12.898
CustomParallelDeltaStepping,1,5,1000,0.5,20,14.158
CustomParallelDeltaStepping,1,6,1000,0.5,20,15.025
CustomParallelDeltaStepping,1,7,1000,0.5,20,15.583
CustomParallelDeltaStepping,1,8,1000,0.5,20,16.286
CustomParallelDeltaStepping,1,1,1000,0.5,24,9.12
CustomParallelDeltaStepping,1,2,1000,0.5,24,9.977
CustomParallelDeltaStepping,1,3,1000,0.5,24,10.635
CustomParallelDeltaStepping,1,4,1000,0.5,24,12.584
CustomParallelDeltaStepping,1,5,1000,0.5,24,14.499
CustomParallelDeltaStepping,1,6,1000,0.5,24,14.266
CustomParallelDeltaStepping,1,7,1000,0.5,24,15.975
CustomParallelDeltaStepping,1,8,1000,0.5,24,15.933
CustomParallelDeltaStepping,1,1,1000,0.5,25,9.278
CustomParallelDeltaStepping,1,2,1000,0.5,25,10.579
CustomParallelDeltaStepping,1,3,1000,0.5,25,10.893
CustomParallelDeltaStepping,1,4,1000,0.5,25,12.573
CustomParallelDeltaStepping,1,5,1000,0.5,25,13.946
CustomParallelDeltaStepping,1,6,1000,0.5,25,15.626
CustomParallelDeltaStepping,1,7,1000,0.5,25,16.585
CustomParallelDeltaStepping,1,8,1000,0.5,25,16.012
DeltaStepping,0,1,1000,0.7,1,37.923
DeltaStepping,0,2,1000,0.7,1,54.93
DeltaStepping,0,3,1000,0.7,1,65.366
DeltaStepping,0,4,1000,0.7,1,68.858
DeltaStepping,0,5,1000,0.7,1,74.226
DeltaStepping,0,6,1000,0.7,1,77.07
DeltaStepping,0,7,1000,0.7,1,82.152
DeltaStepping,0,8,1000,0.7,1,86.778
DijkstraSequential,0,-1,1000,0.7,1,10.984
CustomParallelDeltaStepping,1,1,1000,0.7,2,15.51
CustomParallelDeltaStepping,1,2,1000,0.7,2,14.002
CustomParallelDeltaStepping,1,3,1000,0.7,2,15.878
CustomParallelDeltaStepping,1,4,1000,0.7,2,17.803
CustomParallelDeltaStepping,1,5,1000,0.7,2,19.738
CustomParallelDeltaStepping,1,6,1000,0.7,2,19.085
CustomParallelDeltaStepping,1,7,1000,0.7,2,18.926
CustomParallelDeltaStepping,1,8,1000,0.7,2,19.744
CustomParallelDeltaStepping,1,1,1000,0.7,4,12.077
CustomParallelDeltaStepping,1,2,1000,0.7,4,13.608
CustomParallelDeltaStepping,1,3,1000,0.7,4,15.741
CustomParallelDeltaStepping,1,4,1000,0.7,4,18.165
CustomParallelDeltaStepping,1,5,1000,0.7,4,18.506
CustomParallelDeltaStepping,1,6,1000,0.7,4,20.041
CustomParallelDeltaStepping,1,7,1000,0.7,4,19.448
CustomParallelDeltaStepping,1,8,1000,0.7,4,15.506
CustomParallelDeltaStepping,1,1,1000,0.7,8,12.079
CustomParallelDeltaStepping,1,2,1000,0.7,8,13.791
CustomParallelDeltaStepping,1,3,1000,0.7,8,16.29
CustomParallelDeltaStepping,1,4,1000,0.7,8,18.84
CustomParallelDeltaStepping,1,5,1000,0.7,8,20.613
CustomParallelDeltaStepping,1,6,1000,0.7,8,19.892
CustomParallelDeltaStepping,1,7,1000,0.7,8,19.236
CustomParallelDeltaStepping,1,8,1000,0.7,8,17.885
CustomParallelDeltaStepping,1,1,1000,0.7,12,12.742
CustomParallelDeltaStepping,1,2,1000,0.7,12,14.139
CustomParallelDeltaStepping,1,3,1000,0.7,12,16.571
CustomParallelDeltaStepping,1,4,1000,0.7,12,19.257
CustomParallelDeltaStepping,1,5,1000,0.7,12,19.447
CustomParallelDeltaStepping,1,6,1000,0.7,12,20.096
CustomParallelDeltaStepping,1,7,1000,0.7,12,17.809
CustomParallelDeltaStepping,1,8,1000,0.7,12,17.104
CustomParallelDeltaStepping,1,1,1000,0.7,16,13.766
CustomParallelDeltaStepping,1,2,1000,0.7,16,14.261
CustomParallelDeltaStepping,1,3,1000,0.7,16,16.37
CustomParallelDeltaStepping,1,4,1000,0.7,16,19.953
CustomParallelDeltaStepping,1,5,1000,0.7,16,20.64
CustomParallelDeltaStepping,1,6,1000,0.7,16,21.382
CustomParallelDeltaStepping,1,7,1000,0.7,16,21.668
CustomParallelDeltaStepping,1,8,1000,0.7,16,15.763
CustomParallelDeltaStepping,1,1,1000,0.7,20,13.081
CustomParallelDeltaStepping,1,2,1000,0.7,20,14.508
CustomParallelDeltaStepping,1,3,1000,0.7,20,17.238
CustomParallelDeltaStepping,1,4,1000,0.7,20,19.898
CustomParallelDeltaStepping,1,5,1000,0.7,20,19.732
CustomParallelDeltaStepping,1,6,1000,0.7,20,20.6
CustomParallelDeltaStepping,1,7,1000,0.7,20,21.586
CustomParallelDeltaStepping,1,8,1000,0.7,20,19.239
CustomParallelDeltaStepping,1,1,1000,0.7,24,12.98
CustomParallelDeltaStepping,1,2,1000,0.7,24,14.254
CustomParallelDeltaStepping,1,3,1000,0.7,24,16.762
CustomParallelDeltaStepping,1,4,1000,0.7,24,19.697
CustomParallelDeltaStepping,1,5,1000,0.7,24,19.996
CustomParallelDeltaStepping,1,6,1000,0.7,24,22.542
CustomParallelDeltaStepping,1,7,1000,0.7,24,16.942
CustomParallelDeltaStepping,1,8,1000,0.7,24,17.675
CustomParallelDeltaStepping,1,1,1000,0.7,25,13.036
CustomParallelDeltaStepping,1,2,1000,0.7,25,14.199
CustomParallelDeltaStepping,1,3,1000,0.7,25,16.929
CustomParallelDeltaStepping,1,4,1000,0.7,25,19.66
CustomParallelDeltaStepping,1,5,1000,0.7,25,20.76
CustomParallelDeltaStepping,1,6,1000,0.7,25,20.669
CustomParallelDeltaStepping,1,7,1000,0.7,25,20.049
CustomParallelDeltaStepping,1,8,1000,0.7,25,21.332
DeltaStepping,0,1,5000,0.3,1,464.992
DeltaStepping,0,2,5000,0.3,1,581.747
DeltaStepping,0,3,5000,0.3,1,702.046
DeltaStepping,0,4,5000,0.3,1,764.323
DeltaStepping,0,5,5000,0.3,1,826.756
DeltaStepping,0,6,5000,0.3,1,890.407
DeltaStepping,0,7,5000,0.3,1,929.196
DeltaStepping,0,8,5000,0.3,1,960.834
DijkstraSequential,0,-1,5000,0.3,1,115.242
CustomParallelDeltaStepping,1,1,5000,0.3,2,153.067
CustomParallelDeltaStepping,1,2,5000,0.3,2,180.165
CustomParallelDeltaStepping,1,3,5000,0.3,2,212.054
CustomParallelDeltaStepping,1,4,5000,0.3,2,227.398
CustomParallelDeltaStepping,1,5,5000,0.3,2,250.506
CustomParallelDeltaStepping,1,6,5000,0.3,2,246.764
CustomParallelDeltaStepping,1,7,5000,0.3,2,231.427
CustomParallelDeltaStepping,1,8,5000,0.3,2,245.288
CustomParallelDeltaStepping,1,1,5000,0.3,4,145.468
CustomParallelDeltaStepping,1,2,5000,0.3,4,170.311
CustomParallelDeltaStepping,1,3,5000,0.3,4,225.171
CustomParallelDeltaStepping,1,4,5000,0.3,4,240.058
CustomParallelDeltaStepping,1,5,5000,0.3,4,247.687
CustomParallelDeltaStepping,1,6,5000,0.3,4,256.952
CustomParallelDeltaStepping,1,7,5000,0.3,4,206.805
CustomParallelDeltaStepping,1,8,5000,0.3,4,257.707
CustomParallelDeltaStepping,1,1,5000,0.3,8,166.713
CustomParallelDeltaStepping,1,2,5000,0.3,8,188.381
CustomParallelDeltaStepping,1,3,5000,0.3,8,253.609
CustomParallelDeltaStepping,1,4,5000,0.3,8,274.302
CustomParallelDeltaStepping,1,5,5000,0.3,8,285.859
CustomParallelDeltaStepping,1,6,5000,0.3,8,279.36
CustomParallelDeltaStepping,1,7,5000,0.3,8,220.413
CustomParallelDeltaStepping,1,8,5000,0.3,8,221.824
CustomParallelDeltaStepping,1,1,5000,0.3,12,181.055
CustomParallelDeltaStepping,1,2,5000,0.3,12,207.626
CustomParallelDeltaStepping,1,3,5000,0.3,12,291.845
CustomParallelDeltaStepping,1,4,5000,0.3,12,294.709
CustomParallelDeltaStepping,1,5,5000,0.3,12,325.068
CustomParallelDeltaStepping,1,6,5000,0.3,12,280.72
CustomParallelDeltaStepping,1,7,5000,0.3,12,271.608
CustomParallelDeltaStepping,1,8,5000,0.3,12,272.918
CustomParallelDeltaStepping,1,1,5000,0.3,16,220.155
CustomParallelDeltaStepping,1,2,5000,0.3,16,209.831
CustomParallelDeltaStepping,1,3,5000,0.3,16,288.201
CustomParallelDeltaStepping,1,4,5000,0.3,16,298.008
CustomParallelDeltaStepping,1,5,5000,0.3,16,302.311
CustomParallelDeltaStepping,1,6,5000,0.3,16,287.467
CustomParallelDeltaStepping,1,7,5000,0.3,16,272.438
CustomParallelDeltaStepping,1,8,5000,0.3,16,274.664
CustomParallelDeltaStepping,1,1,5000,0.3,20,195.533
CustomParallelDeltaStepping,1,2,5000,0.3,20,210.98
CustomParallelDeltaStepping,1,3,5000,0.3,20,284.012
CustomParallelDeltaStepping,1,4,5000,0.3,20,297.091
CustomParallelDeltaStepping,1,5,5000,0.3,20,312.357
CustomParallelDeltaStepping,1,6,5000,0.3,20,303.331
CustomParallelDeltaStepping,1,7,5000,0.3,20,268.418
CustomParallelDeltaStepping,1,8,5000,0.3,20,230.703
CustomParallelDeltaStepping,1,1,5000,0.3,24,196.061
CustomParallelDeltaStepping,1,2,5000,0.3,24,207.633
CustomParallelDeltaStepping,1,3,5000,0.3,24,287.004
CustomParallelDeltaStepping,1,4,5000,0.3,24,310.124
CustomParallelDeltaStepping,1,5,5000,0.3,24,307.265
CustomParallelDeltaStepping,1,6,5000,0.3,24,294.515
CustomParallelDeltaStepping,1,7,5000,0.3,24,272.983
CustomParallelDeltaStepping,1,8,5000,0.3,24,272.514
CustomParallelDeltaStepping,1,1,5000,0.3,25,197.827
CustomParallelDeltaStepping,1,2,5000,0.3,25,207.416
CustomParallelDeltaStepping,1,3,5000,0.3,25,285.563
CustomParallelDeltaStepping,1,4,5000,0.3,25,315.535
CustomParallelDeltaStepping,1,5,5000,0.3,25,311.076
CustomParallelDeltaStepping,1,6,5000,0.3,25,297.177
CustomParallelDeltaStepping,1,7,5000,0.3,25,264.209
CustomParallelDeltaStepping,1,8,5000,0.3,25,258.244
DeltaStepping,0,1,5000,0.5,1,750.757
DeltaStepping,0,2,5000,0.5,1,1069.9
DeltaStepping,0,3,5000,0.5,1,1258.71
DeltaStepping,0,4,5000,0.5,1,1357.21
DeltaStepping,0,5,5000,0.5,1,1514.76
DeltaStepping,0,6,5000,0.5,1,1602.82
DeltaStepping,0,7,5000,0.5,1,1656.14
DeltaStepping,0,8,5000,0.5,1,1682.01
DijkstraSequential,0,-1,5000,0.5,1,191.26
CustomParallelDeltaStepping,1,1,5000,0.5,2,197.277
CustomParallelDeltaStepping,1,2,5000,0.5,2,345.105
CustomParallelDeltaStepping,1,3,5000,0.5,2,340.839
CustomParallelDeltaStepping,1,4,5000,0.5,2,332.374
CustomParallelDeltaStepping,1,5,5000,0.5,2,334.869
CustomParallelDeltaStepping,1,6,5000,0.5,2,337.579
CustomParallelDeltaStepping,1,7,5000,0.5,2,285.326
CustomParallelDeltaStepping,1,8,5000,0.5,2,365.567
CustomParallelDeltaStepping,1,1,5000,0.5,4,200.317
CustomParallelDeltaStepping,1,2,5000,0.5,4,326.061
CustomParallelDeltaStepping,1,3,5000,0.5,4,365.85
CustomParallelDeltaStepping,1,4,5000,0.5,4,343.929
CustomParallelDeltaStepping,1,5,5000,0.5,4,337.16
CustomParallelDeltaStepping,1,6,5000,0.5,4,341.314
CustomParallelDeltaStepping,1,7,5000,0.5,4,372.968
CustomParallelDeltaStepping,1,8,5000,0.5,4,376.62
CustomParallelDeltaStepping,1,1,5000,0.5,8,230.894
CustomParallelDeltaStepping,1,2,5000,0.5,8,377.862
CustomParallelDeltaStepping,1,3,5000,0.5,8,417.64
CustomParallelDeltaStepping,1,4,5000,0.5,8,367.487
CustomParallelDeltaStepping,1,5,5000,0.5,8,336.649
CustomParallelDeltaStepping,1,6,5000,0.5,8,348.146
CustomParallelDeltaStepping,1,7,5000,0.5,8,376.667
CustomParallelDeltaStepping,1,8,5000,0.5,8,384.168
CustomParallelDeltaStepping,1,1,5000,0.5,12,242.165
CustomParallelDeltaStepping,1,2,5000,0.5,12,425.878
CustomParallelDeltaStepping,1,3,5000,0.5,12,447.411
CustomParallelDeltaStepping,1,4,5000,0.5,12,383.537
CustomParallelDeltaStepping,1,5,5000,0.5,12,348.424
CustomParallelDeltaStepping,1,6,5000,0.5,12,366.352
CustomParallelDeltaStepping,1,7,5000,0.5,12,374.855
CustomParallelDeltaStepping,1,8,5000,0.5,12,321.98
CustomParallelDeltaStepping,1,1,5000,0.5,16,258.63
CustomParallelDeltaStepping,1,2,5000,0.5,16,462.312
CustomParallelDeltaStepping,1,3,5000,0.5,16,473.546
CustomParallelDeltaStepping,1,4,5000,0.5,16,383.775
CustomParallelDeltaStepping,1,5,5000,0.5,16,351.472
CustomParallelDeltaStepping,1,6,5000,0.5,16,361.456
CustomParallelDeltaStepping,1,7,5000,0.5,16,377.161
CustomParallelDeltaStepping,1,8,5000,0.5,16,340.213
CustomParallelDeltaStepping,1,1,5000,0.5,20,256.52
CustomParallelDeltaStepping,1,2,5000,0.5,20,461.955
CustomParallelDeltaStepping,1,3,5000,0.5,20,460.379
CustomParallelDeltaStepping,1,4,5000,0.5,20,390.69
CustomParallelDeltaStepping,1,5,5000,0.5,20,343.774
CustomParallelDeltaStepping,1,6,5000,0.5,20,298.148
CustomParallelDeltaStepping,1,7,5000,0.5,20,378.217
CustomParallelDeltaStepping,1,8,5000,0.5,20,390.515
CustomParallelDeltaStepping,1,1,5000,0.5,24,252.102
CustomParallelDeltaStepping,1,2,5000,0.5,24,445.369
CustomParallelDeltaStepping,1,3,5000,0.5,24,459.533
CustomParallelDeltaStepping,1,4,5000,0.5,24,386.255
CustomParallelDeltaStepping,1,5,5000,0.5,24,364.216
CustomParallelDeltaStepping,1,6,5000,0.5,24,364.111
CustomParallelDeltaStepping,1,7,5000,0.5,24,377.464
CustomParallelDeltaStepping,1,8,5000,0.5,24,396.073
CustomParallelDeltaStepping,1,1,5000,0.5,25,253.27
CustomParallelDeltaStepping,1,2,5000,0.5,25,467.15
CustomParallelDeltaStepping,1,3,5000,0.5,25,455.406
CustomParallelDeltaStepping,1,4,5000,0.5,25,391.228
CustomParallelDeltaStepping,1,5,5000,0.5,25,360.968
CustomParallelDeltaStepping,1,6,5000,0.5,25,357.624
CustomParallelDeltaStepping,1,7,5000,0.5,25,388.631
CustomParallelDeltaStepping,1,8,5000,0.5,25,325.451
DeltaStepping,0,1,5000,0.7,1,1042.46
DeltaStepping,0,2,5000,0.7,1,1239.96
DeltaStepping,0,3,5000,0.7,1,1593.95
DeltaStepping,0,4,5000,0.7,1,1827.28
DeltaStepping,0,5,5000,0.7,1,1995.53
DeltaStepping,0,6,5000,0.7,1,2121.15
DeltaStepping,0,7,5000,0.7,1,2187.7
DeltaStepping,0,8,5000,0.7,1,2256.56
DijkstraSequential,0,-1,5000,0.7,1,234.66
CustomParallelDeltaStepping,1,1,5000,0.7,2,261.671
CustomParallelDeltaStepping,1,2,5000,0.7,2,365.513
CustomParallelDeltaStepping,1,3,5000,0.7,2,335.317
CustomParallelDeltaStepping,1,4,5000,0.7,2,383.691
CustomParallelDeltaStepping,1,5,5000,0.7,2,355.455
CustomParallelDeltaStepping,1,6,5000,0.7,2,393.745
CustomParallelDeltaStepping,1,7,5000,0.7,2,406.731
CustomParallelDeltaStepping,1,8,5000,0.7,2,430.138
CustomParallelDeltaStepping,1,1,5000,0.7,4,286.527
CustomParallelDeltaStepping,1,2,5000,0.7,4,412.905
CustomParallelDeltaStepping,1,3,5000,0.7,4,358.619
CustomParallelDeltaStepping,1,4,5000,0.7,4,336.582
CustomParallelDeltaStepping,1,5,5000,0.7,4,354.49
CustomParallelDeltaStepping,1,6,5000,0.7,4,385.736
CustomParallelDeltaStepping,1,7,5000,0.7,4,425.664
CustomParallelDeltaStepping,1,8,5000,0.7,4,448.003
CustomParallelDeltaStepping,1,1,5000,0.7,8,329.604
CustomParallelDeltaStepping,1,2,5000,0.7,8,474.167
CustomParallelDeltaStepping,1,3,5000,0.7,8,391.985
CustomParallelDeltaStepping,1,4,5000,0.7,8,348.79
CustomParallelDeltaStepping,1,5,5000,0.7,8,366.787
CustomParallelDeltaStepping,1,6,5000,0.7,8,415.574
CustomParallelDeltaStepping,1,7,5000,0.7,8,449.905
CustomParallelDeltaStepping,1,8,5000,0.7,8,493.312
CustomParallelDeltaStepping,1,1,5000,0.7,12,367.041
CustomParallelDeltaStepping,1,2,5000,0.7,12,540.104
CustomParallelDeltaStepping,1,3,5000,0.7,12,414.861
CustomParallelDeltaStepping,1,4,5000,0.7,12,368.285
CustomParallelDeltaStepping,1,5,5000,0.7,12,389.511
CustomParallelDeltaStepping,1,6,5000,0.7,12,421.575
CustomParallelDeltaStepping,1,7,5000,0.7,12,455.007
CustomParallelDeltaStepping,1,8,5000,0.7,12,512.743
CustomParallelDeltaStepping,1,1,5000,0.7,16,401.812
CustomParallelDeltaStepping,1,2,5000,0.7,16,604.405
CustomParallelDeltaStepping,1,3,5000,0.7,16,416.945
CustomParallelDeltaStepping,1,4,5000,0.7,16,346.684
CustomParallelDeltaStepping,1,5,5000,0.7,16,372.563
CustomParallelDeltaStepping,1,6,5000,0.7,16,439.854
CustomParallelDeltaStepping,1,7,5000,0.7,16,491.671
CustomParallelDeltaStepping,1,8,5000,0.7,16,501.29
CustomParallelDeltaStepping,1,1,5000,0.7,20,419.755
CustomParallelDeltaStepping,1,2,5000,0.7,20,630.872
CustomParallelDeltaStepping,1,3,5000,0.7,20,423.443
CustomParallelDeltaStepping,1,4,5000,0.7,20,358.605
CustomParallelDeltaStepping,1,5,5000,0.7,20,378.939
CustomParallelDeltaStepping,1,6,5000,0.7,20,417.084
CustomParallelDeltaStepping,1,7,5000,0.7,20,479.361
CustomParallelDeltaStepping,1,8,5000,0.7,20,411.908
CustomParallelDeltaStepping,1,1,5000,0.7,24,420.926
CustomParallelDeltaStepping,1,2,5000,0.7,24,614.182
CustomParallelDeltaStepping,1,3,5000,0.7,24,411.906
CustomParallelDeltaStepping,1,4,5000,0.7,24,350.597
CustomParallelDeltaStepping,1,5,5000,0.7,24,380.36
CustomParallelDeltaStepping,1,6,5000,0.7,24,424.402
CustomParallelDeltaStepping,1,7,5000,0.7,24,461.555
CustomParallelDeltaStepping,1,8,5000,0.7,24,494.678
CustomParallelDeltaStepping,1,1,5000,0.7,25,419.892
CustomParallelDeltaStepping,1,2,5000,0.7,25,605.776
CustomParallelDeltaStepping,1,3,5000,0.7,25,415.68
CustomParallelDeltaStepping,1,4,5000,0.7,25,352.045
CustomParallelDeltaStepping,1,5,5000,0.7,25,383.942
CustomParallelDeltaStepping,1,6,5000,0.7,25,430.457
CustomParallelDeltaStepping,1,7,5000,0.7,25,473.586
CustomParallelDeltaStepping,1,8,5000,0.7,25,503.007
DeltaStepping,0,1,10000,0.3,1,1679.45
DeltaStepping,0,2,10000,0.3,1,2324.85
DeltaStepping,0,3,10000,0.3,1,2672.12
DeltaStepping,0,4,10000,0.3,1,2981.22
DeltaStepping,0,5,10000,0.3,1,3271.87
DeltaStepping,0,6,10000,0.3,1,3596.57
DeltaStepping,0,7,10000,0.3,1,3674.34
DeltaStepping,0,8,10000,0.3,1,3828.23
DijkstraSequential,0,-1,10000,0.3,1,479.565
CustomParallelDeltaStepping,1,1,10000,0.3,2,480.702
CustomParallelDeltaStepping,1,2,10000,0.3,2,936.647
CustomParallelDeltaStepping,1,3,10000,0.3,2,969.619
CustomParallelDeltaStepping,1,4,10000,0.3,2,939.924
CustomParallelDeltaStepping,1,5,10000,0.3,2,920.757
CustomParallelDeltaStepping,1,6,10000,0.3,2,927.163
CustomParallelDeltaStepping,1,7,10000,0.3,2,898.817
CustomParallelDeltaStepping,1,8,10000,0.3,2,916.944
CustomParallelDeltaStepping,1,1,10000,0.3,4,526.623
CustomParallelDeltaStepping,1,2,10000,0.3,4,929.763
CustomParallelDeltaStepping,1,3,10000,0.3,4,1061.27
CustomParallelDeltaStepping,1,4,10000,0.3,4,998.131
CustomParallelDeltaStepping,1,5,10000,0.3,4,959.156
CustomParallelDeltaStepping,1,6,10000,0.3,4,903.354
CustomParallelDeltaStepping,1,7,10000,0.3,4,908.405
CustomParallelDeltaStepping,1,8,10000,0.3,4,942.023
CustomParallelDeltaStepping,1,1,10000,0.3,8,605.274
CustomParallelDeltaStepping,1,2,10000,0.3,8,1048.04
CustomParallelDeltaStepping,1,3,10000,0.3,8,1201.82
CustomParallelDeltaStepping,1,4,10000,0.3,8,1087.26
CustomParallelDeltaStepping,1,5,10000,0.3,8,1019.82
CustomParallelDeltaStepping,1,6,10000,0.3,8,940.532
CustomParallelDeltaStepping,1,7,10000,0.3,8,959.008
CustomParallelDeltaStepping,1,8,10000,0.3,8,991.181
CustomParallelDeltaStepping,1,1,10000,0.3,12,642.846
CustomParallelDeltaStepping,1,2,10000,0.3,12,1175.57
CustomParallelDeltaStepping,1,3,10000,0.3,12,1319.82
CustomParallelDeltaStepping,1,4,10000,0.3,12,1249.84
CustomParallelDeltaStepping,1,5,10000,0.3,12,1096.6
CustomParallelDeltaStepping,1,6,10000,0.3,12,995.601
CustomParallelDeltaStepping,1,7,10000,0.3,12,973.448
CustomParallelDeltaStepping,1,8,10000,0.3,12,1001.63
CustomParallelDeltaStepping,1,1,10000,0.3,16,744.756
CustomParallelDeltaStepping,1,2,10000,0.3,16,1333.93
CustomParallelDeltaStepping,1,3,10000,0.3,16,1469.58
CustomParallelDeltaStepping,1,4,10000,0.3,16,1283.96
CustomParallelDeltaStepping,1,5,10000,0.3,16,1101.82
CustomParallelDeltaStepping,1,6,10000,0.3,16,992.877
CustomParallelDeltaStepping,1,7,10000,0.3,16,1013.05
CustomParallelDeltaStepping,1,8,10000,0.3,16,999.758
CustomParallelDeltaStepping,1,1,10000,0.3,20,746.805
CustomParallelDeltaStepping,1,2,10000,0.3,20,1423.33
CustomParallelDeltaStepping,1,3,10000,0.3,20,1532.75
CustomParallelDeltaStepping,1,4,10000,0.3,20,1302.17
CustomParallelDeltaStepping,1,5,10000,0.3,20,1113.54
CustomParallelDeltaStepping,1,6,10000,0.3,20,980.668
CustomParallelDeltaStepping,1,7,10000,0.3,20,973.892
CustomParallelDeltaStepping,1,8,10000,0.3,20,992.194
CustomParallelDeltaStepping,1,1,10000,0.3,24,745.257
CustomParallelDeltaStepping,1,2,10000,0.3,24,1427.92
CustomParallelDeltaStepping,1,3,10000,0.3,24,1604.74
CustomParallelDeltaStepping,1,4,10000,0.3,24,1331.55
CustomParallelDeltaStepping,1,5,10000,0.3,24,1082.61
CustomParallelDeltaStepping,1,6,10000,0.3,24,1012.03
CustomParallelDeltaStepping,1,7,10000,0.3,24,1018.76
CustomParallelDeltaStepping,1,8,10000,0.3,24,1010.89
CustomParallelDeltaStepping,1,1,10000,0.3,25,780.651
CustomParallelDeltaStepping,1,2,10000,0.3,25,1466.02
CustomParallelDeltaStepping,1,3,10000,0.3,25,1572.06
CustomParallelDeltaStepping,1,4,10000,0.3,25,1340.25
CustomParallelDeltaStepping,1,5,10000,0.3,25,1118.77
CustomParallelDeltaStepping,1,6,10000,0.3,25,997.941
CustomParallelDeltaStepping,1,7,10000,0.3,25,968.902
CustomParallelDeltaStepping,1,8,10000,0.3,25,1064.36
DeltaStepping,0,1,10000,0.5,1,2591.53
DeltaStepping,0,2,10000,0.5,1,3619.35
DeltaStepping,0,3,10000,0.5,1,4262.76
DeltaStepping,0,4,10000,0.5,1,4915.19
DeltaStepping,0,5,10000,0.5,1,5488.44
DeltaStepping,0,6,10000,0.5,1,5723.99
DeltaStepping,0,7,10000,0.5,1,6179.16
DeltaStepping,0,8,10000,0.5,1,6397.87
DijkstraSequential,0,-1,10000,0.5,1,691.458
CustomParallelDeltaStepping,1,1,10000,0.5,2,1038.8
CustomParallelDeltaStepping,1,2,10000,0.5,2,1308.82
CustomParallelDeltaStepping,1,3,10000,0.5,2,1169.81
CustomParallelDeltaStepping,1,4,10000,0.5,2,1054.52
CustomParallelDeltaStepping,1,5,10000,0.5,2,1057.92
CustomParallelDeltaStepping,1,6,10000,0.5,2,1169.94
CustomParallelDeltaStepping,1,7,10000,0.5,2,1248.12
CustomParallelDeltaStepping,1,8,10000,0.5,2,1311.31
CustomParallelDeltaStepping,1,1,10000,0.5,4,1089.39
CustomParallelDeltaStepping,1,2,10000,0.5,4,1403.5
CustomParallelDeltaStepping,1,3,10000,0.5,4,1209.27
CustomParallelDeltaStepping,1,4,10000,0.5,4,1091.82
CustomParallelDeltaStepping,1,5,10000,0.5,4,1070.97
CustomParallelDeltaStepping,1,6,10000,0.5,4,1203.25
CustomParallelDeltaStepping,1,7,10000,0.5,4,1273.28
CustomParallelDeltaStepping,1,8,10000,0.5,4,1374.16
CustomParallelDeltaStepping,1,1,10000,0.5,8,1246.05
CustomParallelDeltaStepping,1,2,10000,0.5,8,1834.02
CustomParallelDeltaStepping,1,3,10000,0.5,8,1361.05
CustomParallelDeltaStepping,1,4,10000,0.5,8,1118.72
CustomParallelDeltaStepping,1,5,10000,0.5,8,1128.08
CustomParallelDeltaStepping,1,6,10000,0.5,8,1270.81
CustomParallelDeltaStepping,1,7,10000,0.5,8,1353.64
CustomParallelDeltaStepping,1,8,10000,0.5,8,1437.05
CustomParallelDeltaStepping,1,1,10000,0.5,12,1431.4
CustomParallelDeltaStepping,1,2,10000,0.5,12,1797.36
CustomParallelDeltaStepping,1,3,10000,0.5,12,1436.62
CustomParallelDeltaStepping,1,4,10000,0.5,12,1162.82
CustomParallelDeltaStepping,1,5,10000,0.5,12,1187.33
CustomParallelDeltaStepping,1,6,10000,0.5,12,1309.27
CustomParallelDeltaStepping,1,7,10000,0.5,12,1400.8
CustomParallelDeltaStepping,1,8,10000,0.5,12,1502.58
CustomParallelDeltaStepping,1,1,10000,0.5,16,1639.05
CustomParallelDeltaStepping,1,2,10000,0.5,16,2088.79
CustomParallelDeltaStepping,1,3,10000,0.5,16,1547.4
CustomParallelDeltaStepping,1,4,10000,0.5,16,1142.35
CustomParallelDeltaStepping,1,5,10000,0.5,16,1170.49
CustomParallelDeltaStepping,1,6,10000,0.5,16,1296.64
CustomParallelDeltaStepping,1,7,10000,0.5,16,1415.11
CustomParallelDeltaStepping,1,8,10000,0.5,16,1517.8
CustomParallelDeltaStepping,1,1,10000,0.5,20,1745.98
CustomParallelDeltaStepping,1,2,10000,0.5,20,2205.22
CustomParallelDeltaStepping,1,3,10000,0.5,20,1579.31
CustomParallelDeltaStepping,1,4,10000,0.5,20,1150.8
CustomParallelDeltaStepping,1,5,10000,0.5,20,1151.05
CustomParallelDeltaStepping,1,6,10000,0.5,20,1323.1
CustomParallelDeltaStepping,1,7,10000,0.5,20,1437.7
CustomParallelDeltaStepping,1,8,10000,0.5,20,1560.55
CustomParallelDeltaStepping,1,1,10000,0.5,24,1814.96
CustomParallelDeltaStepping,1,2,10000,0.5,24,2207.38
CustomParallelDeltaStepping,1,3,10000,0.5,24,1639.47
CustomParallelDeltaStepping,1,4,10000,0.5,24,1183.53
CustomParallelDeltaStepping,1,5,10000,0.5,24,1189.55
CustomParallelDeltaStepping,1,6,10000,0.5,24,1307.36
CustomParallelDeltaStepping,1,7,10000,0.5,24,1421.18
CustomParallelDeltaStepping,1,8,10000,0.5,24,1523.79
CustomParallelDeltaStepping,1,1,10000,0.5,25,1840.89
CustomParallelDeltaStepping,1,2,10000,0.5,25,2231.17
CustomParallelDeltaStepping,1,3,10000,0.5,25,1592.72
CustomParallelDeltaStepping,1,4,10000,0.5,25,1168.12
CustomParallelDeltaStepping,1,5,10000,0.5,25,1152.16
CustomParallelDeltaStepping,1,6,10000,0.5,25,1307.77
CustomParallelDeltaStepping,1,7,10000,0.5,25,1429.9
CustomParallelDeltaStepping,1,8,10000,0.5,25,1518.07
DeltaStepping,0,1,10000,0.7,1,3666.58
DeltaStepping,0,2,10000,0.7,1,5223.22
DeltaStepping,0,3,10000,0.7,1,6090.46
DeltaStepping,0,4,10000,0.7,1,6706.17
DeltaStepping,0,5,10000,0.7,1,7374.21
DeltaStepping,0,6,10000,0.7,1,8033.33
DeltaStepping,0,7,10000,0.7,1,8574.5
DeltaStepping,0,8,10000,0.7,1,8871.83
DijkstraSequential,0,-1,10000,0.7,1,937.395
CustomParallelDeltaStepping,1,1,10000,0.7,2,1502.23
CustomParallelDeltaStepping,1,2,10000,0.7,2,1338.68
CustomParallelDeltaStepping,1,3,10000,0.7,2,1209.05
CustomParallelDeltaStepping,1,4,10000,0.7,2,1339.04
CustomParallelDeltaStepping,1,5,10000,0.7,2,1590.71
CustomParallelDeltaStepping,1,6,10000,0.7,2,1592.33
CustomParallelDeltaStepping,1,7,10000,0.7,2,1719.98
CustomParallelDeltaStepping,1,8,10000,0.7,2,1804.27
CustomParallelDeltaStepping,1,1,10000,0.7,4,1768.64
CustomParallelDeltaStepping,1,2,10000,0.7,4,1386.67
CustomParallelDeltaStepping,1,3,10000,0.7,4,1242.63
CustomParallelDeltaStepping,1,4,10000,0.7,4,1380.4
CustomParallelDeltaStepping,1,5,10000,0.7,4,1476.37
CustomParallelDeltaStepping,1,6,10000,0.7,4,1623.27
CustomParallelDeltaStepping,1,7,10000,0.7,4,1755.31
CustomParallelDeltaStepping,1,8,10000,0.7,4,1856.43
CustomParallelDeltaStepping,1,1,10000,0.7,8,1956.76
CustomParallelDeltaStepping,1,2,10000,0.7,8,1530.34
CustomParallelDeltaStepping,1,3,10000,0.7,8,1283.52
CustomParallelDeltaStepping,1,4,10000,0.7,8,1409.56
CustomParallelDeltaStepping,1,5,10000,0.7,8,1577.43
CustomParallelDeltaStepping,1,6,10000,0.7,8,1716.06
CustomParallelDeltaStepping,1,7,10000,0.7,8,1931.04
CustomParallelDeltaStepping,1,8,10000,0.7,8,2039.77
CustomParallelDeltaStepping,1,1,10000,0.7,12,2208.28
CustomParallelDeltaStepping,1,2,10000,0.7,12,1657.11
CustomParallelDeltaStepping,1,3,10000,0.7,12,1333.68
CustomParallelDeltaStepping,1,4,10000,0.7,12,1492.34
CustomParallelDeltaStepping,1,5,10000,0.7,12,1630
CustomParallelDeltaStepping,1,6,10000,0.7,12,1830.4
CustomParallelDeltaStepping,1,7,10000,0.7,12,1976.6
CustomParallelDeltaStepping,1,8,10000,0.7,12,2140.41
CustomParallelDeltaStepping,1,1,10000,0.7,16,2540.61
CustomParallelDeltaStepping,1,2,10000,0.7,16,1810.04
CustomParallelDeltaStepping,1,3,10000,0.7,16,1360.22
CustomParallelDeltaStepping,1,4,10000,0.7,16,1512.91
CustomParallelDeltaStepping,1,5,10000,0.7,16,1665.02
CustomParallelDeltaStepping,1,6,10000,0.7,16,1860.29
CustomParallelDeltaStepping,1,7,10000,0.7,16,2101.89
CustomParallelDeltaStepping,1,8,10000,0.7,16,2281.18
CustomParallelDeltaStepping,1,1,10000,0.7,20,2787.13
CustomParallelDeltaStepping,1,2,10000,0.7,20,1887.28
CustomParallelDeltaStepping,1,3,10000,0.7,20,1350.45
CustomParallelDeltaStepping,1,4,10000,0.7,20,1490.77
CustomParallelDeltaStepping,1,5,10000,0.7,20,1693.84
CustomParallelDeltaStepping,1,6,10000,0.7,20,1894.76
CustomParallelDeltaStepping,1,7,10000,0.7,20,2165.26
CustomParallelDeltaStepping,1,8,10000,0.7,20,2331.63
CustomParallelDeltaStepping,1,1,10000,0.7,24,2955.64
CustomParallelDeltaStepping,1,2,10000,0.7,24,1898.64
CustomParallelDeltaStepping,1,3,10000,0.7,24,1338.81
CustomParallelDeltaStepping,1,4,10000,0.7,24,1495.98
CustomParallelDeltaStepping,1,5,10000,0.7,24,1664.54
CustomParallelDeltaStepping,1,6,10000,0.7,24,1914.49
CustomParallelDeltaStepping,1,7,10000,0.7,24,2148.75
CustomParallelDeltaStepping,1,8,10000,0.7,24,2307.23
CustomParallelDeltaStepping,1,1,10000,0.7,25,2993.56
CustomParallelDeltaStepping,1,2,10000,0.7,25,1893.14
CustomParallelDeltaStepping,1,3,10000,0.7,25,1353.13
CustomParallelDeltaStepping,1,4,10000,0.7,25,1500.41
CustomParallelDeltaStepping,1,5,10000,0.7,25,1672.5
CustomParallelDeltaStepping,1,6,10000,0.7,25,1914.6
CustomParallelDeltaStepping,1,7,10000,0.7,25,2148.53
CustomParallelDeltaStepping,1,8,10000,0.7,25,2300.87
DeltaStepping,0,1,50000,0.3,1,39385.7
DeltaStepping,0,2,50000,0.3,1,55709
DeltaStepping,0,3,50000,0.3,1,66242.2
